Date,Open,High,Low,Close,Volume,MA_21,RSI,MACD,Stochastic_Oscillator,ATR,Momentum_21,OBV,Cumulative_Return,Volatility,Price_Gap,Consumer_Price_Index_Quarterly,Durable_Goods_Orders_Quarterly,Federal_Funds_Rate_Quarterly,Retail_Sales_Quarterly,Treasury_Yield_Quarterly,Unemployment_Rate_Quarterly,totalAssets,totalCurrentAssets,cashAndCashEquivalentsAtCarryingValue,cashAndShortTermInvestments,inventory,currentNetReceivables,totalNonCurrentAssets,propertyPlantEquipment,intangibleAssets,goodwill,shortTermInvestments,otherCurrentAssets,otherNonCurrentAssets,totalLiabilities,totalCurrentLiabilities,currentAccountsPayable,totalNonCurrentLiabilities,longTermDebt,longTermDebtNoncurrent,shortLongTermDebtTotal,otherCurrentLiabilities,otherNonCurrentLiabilities,totalShareholderEquity,treasuryStock,retainedEarnings,commonStock,commonStockSharesOutstanding,operatingCashflow,paymentsForOperatingActivities,changeInOperatingLiabilities,changeInOperatingAssets,depreciationDepletionAndAmortization,capitalExpenditures,changeInReceivables,changeInInventory,profitLoss,cashflowFromInvestment,cashflowFromFinancing,paymentsForRepurchaseOfCommonStock,paymentsForRepurchaseOfEquity,proceedsFromRepurchaseOfEquity,changeInCashAndCashEquivalents,netIncome_x,reportedEPS,estimatedEPS,surprise,surprisePercentage,grossProfit,totalRevenue,costOfRevenue,costofGoodsAndServicesSold,operatingIncome,sellingGeneralAndAdministrative,researchAndDevelopment,operatingExpenses,investmentIncomeNet,netInterestIncome,interestExpense,otherNonOperatingIncome,depreciationAndAmortization,incomeBeforeTax,incomeTaxExpense,interestAndDebtExpense,netIncomeFromContinuingOperations,comprehensiveIncomeNetOfTax,ebit,ebitda,netIncome_y,Quarterly_Return,Hybrid_Price_Movement_Class
2009-03-31,2.567500114440918,3.7804999351501465,2.381500005722046,3.671999931335449,12370496000,3.070679444192317,58.5120971730995,0.1368474465906977,65.43087831459326,0.1169779985509019,0.5724999904632568,6131718000,1.3509933844544415,0.2115140560491178,0.0014499942461649,212.015,145856.66666666666,0.1833333333333333,276177.0,3.453333333333333,145856.66666666666,166823180327.86887,62720639344.2623,20693081967.213116,33266754098.360657,14953409836.065575,14417836065.57377,69762868852.45901,60827311475.409836,9838672131.147541,9252672131.147541,12573672131.147541,2440475409.836066,14049344262.295082,113358147540.98361,59428262295.08197,32190783333.333332,55767442622.95082,27766781818.181816,22734600000.0,24155696428.571426,19501836065.57377,12934818181.818182,53465032786.88525,2547426229.508197,27858852459.01639,21852459.01639344,1924163934.4262295,7097983606.557377,773051724.137931,1653786885.2459016,881721311.4754099,4082360655.7377048,5245475409.836065,-1304035087.7192984,551016393.4426229,2197196721.3114753,-5660934426.229508,-266918032.78688523,98360655.73770492,114098360.6557377,-138490566.03773585,442596491.22807014,2226311475.4098363,0.02,0.02,0.0,0.0,451000000.0,4889000000.0,4438000000.0,3741000000.0,244000000.0,68000000.0,275000000.0,4645000000.0,147409836.06557378,-250416666.66666663,12000000.0,4000000.0,87000000.0,246000000.0,69000000.0,255967213.1147541,2199524590.163934,2174295081.967213,258000000.0,331000000.0,177000000.0,0.13916126523911593,3
2009-06-30,3.651000022888184,4.427999973297119,3.5855000019073486,4.183000087738037,9494416000,3.910457682627579,55.30969777651177,0.0236071671397581,58.38347741025347,0.1028395585732665,0.0304999351501464,11657492000,1.538999333164796,0.1610827643299478,-0.0012539795466831,214.263,147576.33333333334,0.18,301857.3333333333,4.17,147576.33333333334,7675000000.0,5304000000.0,1936000000.0,3212000000.0,1325000000.0,584000000.0,2371000000.0,981000000.0,451000000.0,451000000.0,1276000000.0,183000000.0,821000000.0,4419000000.0,3636000000.0,32190783333.33333,783000000.0,109000000.0,109000000.0,109000000.0,1128000000.0,674000000.0,3256000000.0,600000000.0,-411000000.0,4000000.0,432000000.0,468000000.0,25000000.0,50000000.0,7000000.0,84000000.0,78000000.0,-16000000.0,23000000.0,142000000.0,-279000000.0,-3000000.0,0.0,0.0,-3000000.0,235000000.0,142000000.0,0.02,0.02,0.0,0.0,1133000000.0,4644000000.0,3808000000.0,3518000000.0,159000000.0,206000000.0,299000000.0,4492000000.0,8000000.0,-7000000.0,7000000.0,19000000.0,84000000.0,181000000.0,39000000.0,7000000.0,284000000.0,227000000.0,188000000.0,272000000.0,142000000.0,0.1159455231512244,3
2009-09-30,4.2210001945495605,4.724999904632568,3.7704999446868896,4.668000221252441,8324122000,4.182420385203192,53.23980684436389,0.1267267609193592,53.72771192997467,0.0929001013615301,0.6085000038146973,15869958000,1.7174394159779731,0.1575025085307259,-0.0039921887218952,215.718,156525.66666666666,0.1566666666666666,303807.6666666667,4.323333333333333,156525.66666666666,8972000000.0,6369000000.0,2514000000.0,4001000000.0,1617000000.0,671000000.0,2603000000.0,1086000000.0,457000000.0,457000000.0,1487000000.0,80000000.0,854000000.0,5387000000.0,4537000000.0,3354000000.0,850000000.0,116000000.0,116000000.0,116000000.0,1183000000.0,734000000.0,3585000000.0,600000000.0,-212000000.0,4000000.0,433000000.0,799000000.0,12000000.0,698000000.0,431000000.0,96000000.0,103000000.0,155000000.0,276000000.0,199000000.0,-302000000.0,64000000.0,0.0,0.0,-138490566.03773585,578000000.0,199000000.0,0.02,0.02,0.0,0.0,1273000000.0,5443000000.0,4504000000.0,4176000000.0,251000000.0,232000000.0,315000000.0,5198000000.0,7000000.0,-7000000.0,7000000.0,11000000.0,95000000.0,259000000.0,60000000.0,7000000.0,199000000.0,222000000.0,266000000.0,361000000.0,199000000.0,0.44087393173874145,3
2009-12-31,4.625,7.295499801635742,4.41349983215332,6.72599983215332,12727852000,5.71809559279964,63.82604107069571,0.1169551675288111,69.00480666759347,0.1406518055924347,-0.1990003585815429,22967222000,2.47461368382327,0.3280688243837495,0.027390643954277,216.152,162970.33333333334,0.12,322315.0,4.33,162970.33333333334,13813000000.0,9797000000.0,3444000000.0,6366000000.0,2171000000.0,988000000.0,4016000000.0,1290000000.0,567000000.0,1234000000.0,2922000000.0,272000000.0,1474000000.0,8556000000.0,7364000000.0,5605000000.0,1192000000.0,109000000.0,109000000.0,252000000.0,1759000000.0,1192000000.0,5257000000.0,600000000.0,172000000.0,5000000.0,444000000.0,2611000000.0,6000000.0,2662000000.0,848000000.0,112000000.0,137000000.0,509000000.0,339000000.0,386000000.0,-1608000000.0,-51000000.0,0.0,0.0,-100000000.0,930000000.0,384000000.0,0.04,0.04,0.0,0.0,1977000000.0,9519000000.0,8029000000.0,7543000000.0,476000000.0,374000000.0,1240000000.0,-9934000000.0,9000000.0,-8000000.0,8000000.0,-6000000.0,112000000.0,469000000.0,85000000.0,8000000.0,386000000.0,363000000.0,477000000.0,589000000.0,384000000.0,0.009292298774856007,2
2010-03-31,6.8125,6.9095001220703125,5.690999984741211,6.78849983215332,11980988000,6.306039002795968,51.02032719652544,0.1422942110835414,48.48880668780145,0.1319314863977722,0.5119996070861816,28442446000,2.497608533525705,0.2147452561379882,0.0069918397997246,217.01966666666667,177515.33333333334,0.1333333333333333,291971.6666666667,4.62,177515.33333333334,12042000000.0,7964000000.0,1844000000.0,5063000000.0,1820000000.0,815000000.0,4078000000.0,1436000000.0,1234000000.0,1234000000.0,3219000000.0,266000000.0,1392000000.0,6424000000.0,5193000000.0,3619000000.0,1231000000.0,131000000.0,131000000.0,131000000.0,1574000000.0,1100000000.0,5618000000.0,600000000.0,471000000.0,5000000.0,446000000.0,-1098000000.0,6000000.0,-2253000000.0,-775000000.0,119000000.0,140000000.0,-454000000.0,-321000000.0,299000000.0,-542000000.0,87000000.0,0.0,0.0,-138490566.03773585,-1600000000.0,299000000.0,0.03,0.03,0.0,0.0,1206000000.0,7124000000.0,5918000000.0,5501000000.0,394000000.0,298000000.0,366000000.0,6737000000.0,11000000.0,-7000000.0,7000000.0,3000000.0,120000000.0,399000000.0,100000000.0,7000000.0,299000000.0,210000000.0,406000000.0,526000000.0,299000000.0,-0.1952566906116637,1
2010-06-30,6.789999961853027,7.554500102996826,5.30049991607666,5.4629998207092285,8946270000,6.603581621353138,47.69390600952972,-0.1779394077914062,46.68532090472147,0.1735521411679499,-0.6990003585815439,32191578000,2.009933756826025,0.2342012194355944,-0.0095079437134758,218.05066666666667,188381.0,0.1933333333333333,320314.3333333333,4.37,188381.0,12397000000.0,8118000000.0,1629000000.0,5108000000.0,1940000000.0,805000000.0,4279000000.0,1704000000.0,1229000000.0,1229000000.0,3479000000.0,265000000.0,1317000000.0,6540000000.0,5250000000.0,3545000000.0,1290000000.0,132000000.0,132000000.0,132000000.0,1705000000.0,1158000000.0,5857000000.0,600000000.0,678000000.0,5000000.0,448000000.0,250000000.0,46000000.0,119000000.0,183000000.0,129000000.0,196000000.0,42000000.0,141000000.0,207000000.0,-475000000.0,43000000.0,0.0,0.0,-138490566.03773585,-215000000.0,207000000.0,0.02,0.03,-0.01,-33.3333,1147000000.0,6557000000.0,5410000000.0,4957000000.0,270000000.0,324000000.0,408000000.0,6296000000.0,12000000.0,-9000000.0,9000000.0,24000000.0,130000000.0,295000000.0,88000000.0,9000000.0,207000000.0,70000000.0,304000000.0,434000000.0,207000000.0,0.43748863660267784,3
2010-09-30,5.445000171661377,8.08899974822998,5.289999961853027,7.853000164031982,8461340000,6.265865691715763,62.92702812538514,0.3762827265640496,74.28042277279044,0.1430536162640366,1.611500263214111,37250014000,2.8892569357615416,0.279237624358657,-0.011624976992607,218.254,193234.66666666663,0.1866666666666666,316957.3333333333,3.8533333333333335,193234.66666666663,14162000000.0,9559000000.0,1539000000.0,5885000000.0,2515000000.0,959000000.0,4603000000.0,2099000000.0,1277000000.0,1277000000.0,4346000000.0,200000000.0,1184000000.0,7765000000.0,6375000000.0,4614000000.0,1390000000.0,164000000.0,164000000.0,164000000.0,1761000000.0,1226000000.0,6397000000.0,600000000.0,908000000.0,5000000.0,449000000.0,855000000.0,19000000.0,1086000000.0,569000000.0,150000000.0,315000000.0,64000000.0,505000000.0,231000000.0,-1128000000.0,93000000.0,0.0,0.0,-138490566.03773585,-90000000.0,231000000.0,0.03,0.02,0.01,50.0,1257000000.0,7551000000.0,6294000000.0,5786000000.0,268000000.0,358000000.0,442000000.0,7292000000.0,13000000.0,-11000000.0,11000000.0,22000000.0,150000000.0,310000000.0,79000000.0,11000000.0,231000000.0,382000000.0,321000000.0,471000000.0,231000000.0,0.1460588070813322,3
2010-12-31,7.854000091552734,9.282500267028809,7.570000171661377,9.0,7351132000,8.25772808208352,59.47195037258311,0.1518286030028104,66.95185392108044,0.165280681103468,0.1724996566772461,41034158000,3.3112583571503373,0.2592003182325474,0.0140156149864196,218.89766666666665,195980.3333333333,0.1866666666666666,343439.3333333333,4.16,195980.3333333333,18797000000.0,13747000000.0,3777000000.0,8762000000.0,3202000000.0,1587000000.0,5613000000.0,2414000000.0,563000000.0,1349000000.0,4985000000.0,196000000.0,1265000000.0,11933000000.0,10372000000.0,8051000000.0,1561000000.0,184000000000.0,184000000.0,641000000.0,2321000000.0,417000000.0,6864000000.0,600000000.0,1324000000.0,5000000.0,451000000.0,3488000000.0,16000000.0,4160000000.0,1336000000.0,170000000.0,328000000.0,643000000.0,693000000.0,422000000.0,-1215000000.0,-43000000.0,0.0,0.0,-138490566.03773585,2238000000.0,416000000.0,0.05,0.04,0.01,25.0,12948000000.0,12948000000.0,10866000000.0,10317000000.0,474000000.0,380000000.0,884000000.0,-18358000000.0,15000000.0,-11000000.0,11000000.0,29000000.0,169000000.0,500000000.0,84000000.0,11000000.0,422000000.0,356000000.0,511000000.0,680000000.0,416000000.0,0.0007222493489583334,2
2011-03-31,9.068499565124512,9.579999923706056,8.029500007629395,9.006500244140625,6567336000,8.935299543741111,46.62817218846782,0.0075883468613966,46.93232935585988,0.1541232238716794,0.4055004119873047,44242214000,3.313649911343023,0.2814885560215925,-0.0107017024870842,221.6663333333333,201527.0,0.1566666666666666,314532.6666666667,4.56,201527.0,16882000000.0,11288000000.0,2641000000.0,6881000000.0,2888000000.0,1304000000.0,5594000000.0,2902000000.0,1513000000.0,1513000000.0,4240000000.0,215000000.0,1151000000.0,9535000000.0,7730000000.0,5540000000.0,1805000000.0,27766781818.18182,22734600000.0,24155696428.57143,2190000000.0,12934818181.818182,7347000000.0,600000000.0,1525000000.0,5000000.0,452000000.0,-1586000000.0,10000000.0,-2832000000.0,-702000000.0,202000000.0,298000000.0,-359000000.0,-343000000.0,201000000.0,390000000.0,24000000.0,0.0,0.0,-138490566.03773585,-1136000000.0,130000000.0,0.02,0.03,-0.01,-33.3333,1575000000.0,9845000000.0,8270000000.0,7608000000.0,322000000.0,460000000.0,579000000.0,707000000.0,15000000.0,-12000000.0,12000000.0,-18000000.0,202000000.0,173000000.0,43000000.0,12000000.0,201000000.0,325000000.0,185000000.0,387000000.0,130000000.0,0.13523559932232085,3
2011-06-30,9.07900047302246,10.319499969482422,8.768500328063965,10.224499702453612,6371752000,9.383039992052051,57.06665463236264,0.1354638049227254,58.117103057606016,0.1672369758017752,0.6044998168945295,47843472000,3.7617733430478544,0.304725839025077,-0.001618945409381,225.53066666666663,205498.3333333333,0.0933333333333333,344871.0,4.34,205498.3333333333,17941000000.0,11279000000.0,2047000000.0,6355000000.0,3229000000.0,1438000000.0,6662000000.0,3470000000.0,1909000000.0,1909000000.0,4308000000.0,257000000.0,1253000000.0,10176000000.0,8045000000.0,5721000000.0,2131000000.0,27766781818.18182,22734600000.0,24155696428.57143,2324000000.0,12934818181.818182,7765000000.0,600000000.0,1715000000.0,5000000.0,454000000.0,423000000.0,3000000.0,177000000.0,347000000.0,244000000.0,433000000.0,73000000.0,274000000.0,191000000.0,-951000000.0,-91000000.0,0.0,0.0,-138490566.03773585,-594000000.0,7000000.0,0.02,0.02,0.0,0.0,1622000000.0,9898000000.0,8276000000.0,7525000000.0,201000000.0,507000000.0,698000000.0,807000000.0,16000000.0,-15000000.0,15000000.0,23000000.0,244000000.0,116000000.0,109000000.0,15000000.0,191000000.0,227000000.0,131000000.0,375000000.0,7000000.0,0.05741111157229666,3
2011-09-30,10.27750015258789,12.199999809265137,8.854999542236328,10.81149959564209,7832530000,10.363776771085602,58.3139221511028,0.2082935291458998,62.15967883840197,0.2804666023169243,0.0499992370605451,52173108000,3.977740932155269,0.5046722631109918,0.0084999650716782,226.452,209090.0,0.0833333333333333,342415.6666666667,3.7,209090.0,19054000000.0,11904000000.0,2823000000.0,6326000000.0,3770000000.0,1496000000.0,7342000000.0,3999000000.0,1934000000.0,1934000000.0,3503000000.0,312000000.0,1190000000.0,11288000000.0,8978000000.0,6552000000.0,2310000000.0,27766781818.18182,22734600000.0,2310000000.0,2426000000.0,12934818181.818182,7766000000.0,600000000.0,1778000000.0,5000000.0,455000000.0,797000000.0,4000000.0,957000000.0,662000000.0,278000000.0,529000000.0,75000000.0,587000000.0,63000000.0,100000000.0,-82000000.0,0.0,0.0,-138490566.03773585,776000000.0,-274000000.0,0.01,0.01,0.0,0.0,1711000000.0,10859000000.0,9148000000.0,8325000000.0,79000000.0,545000000.0,769000000.0,877000000.0,16000000.0,-17000000.0,17000000.0,52000000.0,278000000.0,-191000000.0,83000000.0,17000000.0,63000000.0,-147000000.0,-174000000.0,104000000.0,-274000000.0,-0.19946352895764272,1
2011-12-31,10.850500106811523,12.33549976348877,8.34850025177002,8.654999732971191,8427954000,10.640116420552664,41.79978635892207,-0.3586463895448801,41.51064144276896,0.3124019607665047,-0.9595003128051758,55931104000,3.184326688548319,0.5128356652471515,-0.0024285392155721,226.10766666666663,216835.3333333333,0.0733333333333333,365831.3333333333,3.043333333333333,216835.3333333333,25278000000.0,17490000000.0,5269000000.0,9576000000.0,4992000000.0,2571000000.0,8435000000.0,4417000000.0,647000000.0,1955000000.0,4307000000.0,351000000.0,1388000000.0,17521000000.0,14896000000.0,11145000000.0,2625000000.0,384000000.0,255000000.0,1415000000.0,3751000000.0,2370000000.0,7757000000.0,877000000.0,1955000000.0,5000000.0,455000000.0,4269000000.0,4000000.0,5760000000.0,2337000000.0,359000000.0,550000000.0,1077000000.0,1260000000.0,187000000.0,-1469000000.0,-333000000.0,0.0,0.0,-277000000.0,2446000000.0,97000000.0,0.02,0.01,0.01,100.0,17431000000.0,17431000000.0,14737000000.0,13831000000.0,260000000.0,547000000.0,863000000.0,968000000.0,14000000.0,-20000000.0,20000000.0,19000000.0,359000000.0,291000000.0,194000000.0,20000000.0,187000000.0,102000000.0,311000000.0,670000000.0,97000000.0,0.16990179523273014,3
2012-03-31,8.794500350952148,10.49250030517578,8.600000381469727,10.125499725341797,7401848000,9.177773045687816,54.81455054143549,0.2605464341482744,62.38319944995256,0.1943121769461212,1.123499870300293,60270016000,3.7253495095401736,0.2566224011022137,-0.022629061052876,227.90666666666667,223205.0,0.1033333333333333,338504.0,3.14,223205.0,20339000000.0,12154000000.0,2288000000.0,5715000000.0,4255000000.0,1813000000.0,8185000000.0,4653000000.0,1970000000.0,1970000000.0,3427000000.0,371000000.0,1535000000.0,13068000000.0,10488000000.0,6886000000.0,2580000000.0,27766781818.18182,22734600000.0,24155696428.57143,3602000000.0,12934818181.818182,7271000000.0,1837000000.0,2085000000.0,5000000.0,450000000.0,-2438000000.0,6000000.0,-4787000000.0,-1493000000.0,457000000.0,386000000.0,-746000000.0,-747000000.0,130000000.0,450000000.0,-1005000000.0,0.0,960000000.0,-960000000.0,-2981000000.0,130000000.0,0.01,0.07,-0.06,-85.7143,2000000000.0,13164000000.0,11164000000.0,10027000000.0,192000000.0,680000000.0,945000000.0,1204000000.0,12000000.0,-21000000.0,21000000.0,-99000000.0,457000000.0,173000000.0,43000000.0,21000000.0,130000000.0,272000000.0,194000000.0,651000000.0,130000000.0,0.12759862248190604,3
2012-06-30,9.901000022888184,11.69200038909912,9.182499885559082,11.417499542236328,5381106000,10.396904783184024,54.63428261216564,0.1366795069049882,53.96800616008162,0.1980528972046173,0.7719993591308594,63220450000,4.200698975221146,0.4401031627720895,0.0111110778081985,229.7926666666667,221646.0,0.1533333333333333,359468.6666666667,2.936666666666667,221646.0,21022000000.0,11793000000.0,2335000000.0,4970000000.0,4380000000.0,2035000000.0,9203000000.0,5097000000.0,2521000000.0,2521000000.0,2635000000.0,408000000.0,1585000000.0,13517000000.0,10964000000.0,7072000000.0,2553000000.0,27766781818.18182,22734600000.0,24155696428.57143,3892000000.0,12934818181.818182,7505000000.0,1837000000.0,2092000000.0,5000000.0,452000000.0,594000000.0,93000000.0,239000000.0,290000000.0,485000000.0,657000000.0,166000000.0,124000000.0,7000000.0,-595000000.0,67000000.0,0.0,0.0,0.0,47000000.0,7000000.0,0.01,0.02,-0.01,-50.0,2071000000.0,12813000000.0,10742000000.0,9488000000.0,107000000.0,769000000.0,1082000000.0,1307000000.0,10000000.0,-21000000.0,21000000.0,50000000.0,485000000.0,116000000.0,109000000.0,21000000.0,7000000.0,-147000000.0,137000000.0,622000000.0,7000000.0,0.11372893480150043,3
2012-09-30,11.46500015258789,13.205499649047852,10.630499839782717,12.715999603271484,4022062000,11.679566468421203,61.04616130451085,0.1606792420537086,68.440676330404,0.176190479001761,0.3599996566772461,65078714000,4.678439995094801,0.2921398712760219,0.0091190489511644,230.29666666666665,211398.3333333333,0.1433333333333333,355696.0,2.7466666666666666,211398.3333333333,22834000000.0,13118000000.0,2980000000.0,5248000000.0,5065000000.0,2392000000.0,9678000000.0,5662000000.0,2540000000.0,2540000000.0,2268000000.0,413000000.0,1476000000.0,15281000000.0,12605000000.0,8369000000.0,2676000000.0,27766781818.18182,22734600000.0,24155696428.57143,4236000000.0,12934818181.818182,7553000000.0,1837000000.0,1818000000.0,5000000.0,453000000.0,943000000.0,73000000.0,1319000000.0,1063000000.0,554000000.0,716000000.0,416000000.0,647000000.0,-274000000.0,-369000000.0,31000000.0,0.0,0.0,0.0,645000000.0,-274000000.0,-0.01,-0.08,0.07,87.5,2141000000.0,13784000000.0,11643000000.0,10319000000.0,-28000000.0,770000000.0,85000000.0,1389000000.0,10000000.0,-22000000.0,22000000.0,18000000.0,555000000.0,-191000000.0,83000000.0,22000000.0,-274000000.0,-242000000.0,-169000000.0,386000000.0,-274000000.0,-0.013565560086433675,2
2012-12-31,12.770000457763672,13.155500411987305,10.909000396728516,12.543499946594238,4193066000,12.211778839246104,51.24748538273822,0.105593744375259,49.74166574733031,0.2052258434383552,-0.0200004577636718,67086662000,4.614974336230568,0.3646468228867806,0.0057983552255935,230.37966666666668,223938.66666666663,0.16,380407.6666666667,2.86,223938.66666666663,32555000000.0,21296000000.0,8084000000.0,11448000000.0,6031000000.0,3364000000.0,11861000000.0,7060000000.0,3277000000.0,2552000000.0,3364000000.0,453000000.0,1647000000.0,24363000000.0,19002000000.0,13318000000.0,6206000000.0,3691000000.0,3084000000.0,3691000000.0,4892000000.0,2277000000.0,8192000000.0,1837000000.0,1916000000.0,5000000.0,454000000.0,5081000000.0,249000000.0,6337000000.0,1999000000.0,662000000.0,2026000000.0,1025000000.0,974000000.0,187000000.0,-3082000000.0,3166000000.0,0.0,0.0,0.0,5104000000.0,97000000.0,0.01,0.01,0.0,0.0,17431000000.0,17431000000.0,17476000000.0,16137000000.0,405000000.0,677000000.0,94000000.0,1404000000.0,8000000.0,-27000000.0,27000000.0,-49000000.0,662000000.0,291000000.0,194000000.0,27000000.0,187000000.0,155000000.0,318000000.0,980000000.0,97000000.0,0.06226333484707796,3
2013-03-31,12.803999900817873,14.236000061035156,12.603500366210938,13.32450008392334,4227876000,13.217229432151433,53.3705199144237,-0.0726691851998087,54.51298458728365,0.2478768643878756,0.1619997024536115,69147028000,4.902318028637963,0.3212987690781656,0.0307332515716554,231.7396666666667,220935.66666666663,0.1433333333333333,346774.6666666667,3.1366666666666667,220935.66666666663,28377000000.0,16313000000.0,4481000000.0,7895000000.0,5395000000.0,2516000000.0,11941000000.0,7674000000.0,2535000000.0,2535000000.0,3414000000.0,507000000.0,1732000000.0,19945000000.0,14332000000.0,8916000000.0,5613000000.0,3718000000.0,3040000000.0,3718000000.0,4764000000.0,2573000000.0,8432000000.0,1837000000.0,1998000000.0,5000000.0,455000000.0,-2372000000.0,13000000.0,-4890000000.0,-1264000000.0,700000000.0,670000000.0,-729000000.0,-535000000.0,82000000.0,-950000000.0,-157000000.0,0.0,0.0,0.0,-3603000000.0,82000000.0,0.01,0.08,-0.07,-87.5,2658000000.0,16037000000.0,13379000000.0,11801000000.0,181000000.0,878000000.0,101000000.0,1642000000.0,10000000.0,-33000000.0,33000000.0,-77000000.0,701000000.0,100000000.0,18000000.0,33000000.0,82000000.0,2000000.0,133000000.0,834000000.0,82000000.0,0.042027803100699535,2
2013-06-30,13.348999977111816,14.166999816894531,12.287500381469728,13.884499549865724,3890850000,13.223035016230174,54.128972996727526,0.1271152661478378,58.63008950812671,0.2232366374560767,0.5429992675781268,71220788000,5.108351685482564,0.3010045885585806,-0.0045391023159024,232.9933333333333,240085.3333333333,0.1166666666666666,373979.6666666667,3.1466666666666665,240085.3333333333,29623000000.0,16285000000.0,3704000000.0,7463000000.0,5420000000.0,2861000000.0,13210000000.0,8789000000.0,2614000000.0,2614000000.0,3759000000.0,541000000.0,1807000000.0,20890000000.0,14735000000.0,8990000000.0,6155000000.0,3758000000.0,3042000000.0,3733000000.0,5054000000.0,3113000000.0,8733000000.0,1837000000.0,1991000000.0,5000000.0,457000000.0,880000000.0,39000000.0,-77000000.0,241000000.0,756000000.0,855000000.0,211000000.0,30000000.0,-7000000.0,-1420000000.0,-209000000.0,0.0,0.0,0.0,-777000000.0,-7000000.0,-0.02,0.05,-0.07,-140.0,2745000000.0,15671000000.0,12926000000.0,11209000000.0,79000000.0,961000000.0,107000000.0,1782000000.0,9000000.0,-33000000.0,33000000.0,-38000000.0,757000000.0,-20000000.0,-13000000.0,33000000.0,-7000000.0,-7000000.0,13000000.0,770000000.0,-7000000.0,0.1258598059901696,3
2013-09-30,13.949999809265137,16.028499603271484,13.857999801635742,15.631999969482422,3095592000,14.639330690815337,58.74630299491757,0.3052560918997198,61.60210735034526,0.1877008687172618,1.4329996109008771,73075394000,5.751287837546953,0.3939957620826007,0.0057187825441359,233.874,226790.0,0.0833333333333333,372607.6666666667,3.72,226790.0,31861000000.0,17334000000.0,3872000000.0,7689000000.0,6068000000.0,3057000000.0,14399000000.0,9991000000.0,2635000000.0,2635000000.0,3817000000.0,520000000.0,1773000000.0,22774000000.0,16135000000.0,10037000000.0,6639000000.0,3747000000.0,3043000000.0,3723000000.0,5418000000.0,3596000000.0,9087000000.0,1837000000.0,1950000000.0,5000000.0,458000000.0,1388000000.0,8000000.0,1619000000.0,586000000.0,834000000.0,1038000000.0,-125000000.0,586000000.0,-41000000.0,-1063000000.0,-230000000.0,0.0,0.0,0.0,168000000.0,-41000000.0,-0.09,-0.09,0.0,0.0,2884000000.0,17056000000.0,14172000000.0,12366000000.0,-25000000.0,972000000.0,117000000.0,1854000000.0,9000000.0,-36000000.0,36000000.0,9000000.0,834000000.0,-29000000.0,12000000.0,36000000.0,-41000000.0,72000000.0,7000000.0,841000000.0,-41000000.0,0.2755566048901432,3
2013-12-31,15.711000442504885,20.2814998626709,14.824999809265137,19.93950080871582,3743796000,17.31336464839322,63.00807322508833,0.4035284306046804,72.006406102494,0.2975536680647303,0.2585010528564488,75221026000,7.336093187807369,0.6021196652871633,0.0547655820846557,233.2213333333333,240067.66666666663,0.0866666666666666,392985.3333333333,3.790000000000001,240067.66666666663,40159000000.0,24625000000.0,8658000000.0,12447000000.0,7411000000.0,4767000000.0,16179000000.0,10949000000.0,2655000000.0,2655000000.0,3789000000.0,-4767000000.0,1930000000.0,30413000000.0,22980000000.0,15133000000.0,9439000000.0,3967000000.0,3191000000.0,3967000000.0,5935000000.0,4242000000.0,9746000000.0,1837000000.0,2190000000.0,5000000.0,459000000.0,5578000000.0,115000000.0,5947000000.0,1330000000.0,963000000.0,879000000.0,-1239000000.0,1330000000.0,272000000.0,-844000000.0,57000000.0,0.0,0.0,0.0,4786000000.0,239000000.0,0.03,0.03,0.0,0.0,25587000000.0,25587000000.0,20486000000.0,18806000000.0,510000000.0,718000000.0,125000000.0,1932000000.0,10000000.0,-39000000.0,39000000.0,-29000000.0,962000000.0,60000000.0,-179000000.0,39000000.0,272000000.0,261000000.0,99000000.0,1061000000.0,239000000.0,-0.15652349172917918,1
2014-03-31,19.940000534057617,20.402999877929688,16.54400062561035,16.818500518798828,4785488000,18.86548252686405,49.45962772555382,-0.344110376818616,48.13078413302253,0.3403286431377327,-1.2864990234375,77254630000,6.187822266401117,0.5469547002838626,0.0092948225677996,234.99666666666667,225725.66666666663,0.0733333333333333,353810.6666666667,3.6833333333333336,225725.66666666663,36364000000.0,19327000000.0,5074000000.0,8666000000.0,6716000000.0,3945000000.0,17037000000.0,12267000000.0,2653000000.0,2653000000.0,3592000000.0,3945000000.0,2117000000.0,26036000000.0,18357000000.0,10590000000.0,7679000000.0,3953000000.0,3147000000.0,3931000000.0,5467000000.0,4532000000.0,10328000000.0,1837000000.0,2298000000.0,5000000.0,460000000.0,-2502000000.0,139000000.0,-3583000000.0,-699000000.0,1010000000.0,1080000000.0,727000000.0,-699000000.0,108000000.0,-924000000.0,-175000000.0,0.0,0.0,0.0,-3584000000.0,108000000.0,0.01,0.01,0.0,0.0,3437000000.0,19699000000.0,16262000000.0,14055000000.0,146000000.0,1197000000.0,133000000.0,2284000000.0,11000000.0,-42000000.0,42000000.0,5000000.0,1010000000.0,181000000.0,73000000.0,42000000.0,108000000.0,136000000.0,223000000.0,1233000000.0,108000000.0,-0.034456115616045745,2
2014-06-30,16.904499053955078,17.415000915527344,14.218999862670898,16.23900032043457,5868760000,16.061707504572333,47.87812302569179,0.151122335245887,47.83006219654016,0.3619903836931501,0.6115007400512695,79963994000,5.974613946978456,0.6149492340058732,0.0061031674581859,237.77166666666668,240105.3333333333,0.0933333333333333,392505.6666666667,3.4433333333333334,240105.3333333333,37898000000.0,18755000000.0,5057000000.0,7986000000.0,6644000000.0,4125000000.0,19143000000.0,14089000000.0,2677000000.0,2677000000.0,2929000000.0,4125000000.0,2377000000.0,27296000000.0,18751000000.0,10457000000.0,8545000000.0,4000000000.0,3119000000.0,4000000000.0,5828000000.0,5426000000.0,10602000000.0,1837000000.0,2172000000.0,5000000.0,462000000.0,862000000.0,31000000.0,550000000.0,-92000000.0,1109000000.0,1290000000.0,-299000000.0,-92000000.0,-126000000.0,-731000000.0,-189000000.0,0.0,0.0,0.0,-17000000.0,-126000000.0,-0.01,-0.01,0.0,0.0,3467000000.0,19295000000.0,15828000000.0,13399000000.0,-15000000.0,1320000000.0,139000000.0,2457000000.0,11000000.0,-45000000.0,45000000.0,22000000.0,1109000000.0,-32000000.0,94000000.0,45000000.0,-126000000.0,-113000000.0,13000000.0,1122000000.0,-126000000.0,-0.007204912711699075,2
2014-09-30,16.292999267578125,18.24250030517578,15.229499816894531,16.121999740600586,4589810000,16.634552799520037,52.373246674172606,-0.1450470415074782,52.35472343988822,0.2727890121085303,-0.8299999237060547,82478088000,5.931567375004378,0.5698953958391657,-0.0166406184434891,238.04433333333336,255923.0,0.09,390164.3333333333,3.263333333333333,255923.0,40419000000.0,18572000000.0,5258000000.0,6883000000.0,7316000000.0,4373000000.0,21847000000.0,15702000000.0,3332000000.0,3332000000.0,1625000000.0,4373000000.0,2813000000.0,30083000000.0,20842000000.0,11811000000.0,9241000000.0,3983000000.0,3099000000.0,3983000000.0,6353000000.0,6142000000.0,10336000000.0,1837000000.0,1735000000.0,5000000.0,463000000.0,1766000000.0,7000000.0,2793000000.0,845000000.0,1247000000.0,1378000000.0,-362000000.0,845000000.0,-437000000.0,-946000000.0,-412000000.0,0.0,0.0,0.0,201000000.0,-437000000.0,-0.05,-0.04,-0.01,-25.0,3257000000.0,20530000000.0,17273000000.0,14627000000.0,-544000000.0,1399000000.0,138000000.0,2677000000.0,9000000.0,-49000000.0,49000000.0,-50000000.0,1247000000.0,-642000000.0,-205000000.0,49000000.0,-437000000.0,-688000000.0,-593000000.0,654000000.0,-437000000.0,-0.037495337217516314,2
2014-12-31,16.101999282836914,17.062999725341797,14.199999809265137,15.517499923706056,5337276000,15.736187132341522,46.41144210442734,-0.0977205067726849,46.418135047281154,0.2873643913439341,-0.7824993133544904,85311120000,5.709161256050167,0.498381124964477,-0.0186094492673873,236.132,231856.0,0.0999999999999999,410294.3333333333,2.97,231856.0,54505000000.0,31327000000.0,14557000000.0,17416000000.0,8299000000.0,5612000000.0,23942000000.0,16967000000.0,4083000000.0,3319000000.0,2859000000.0,-5612000000.0,2892000000.0,43764000000.0,28089000000.0,16459000000.0,19722000000.0,9881000000.0,8265000000.0,9881000000.0,8287000000.0,7410000000.0,10741000000.0,1837000000.0,1949000000.0,5000000.0,465000000.0,6715000000.0,-80000000.0,6431000000.0,1139000000.0,1379000000.0,1145000000.0,-1105000000.0,1139000000.0,634000000.0,-2465000000.0,5209000000.0,0.0,0.0,0.0,9299000000.0,214000000.0,0.02,0.01,0.01,100.0,29328000000.0,29328000000.0,22988000000.0,20672000000.0,591000000.0,936000000.0,148000000.0,2580000000.0,8000000.0,-74000000.0,74000000.0,-95000000.0,1380000000.0,419000000.0,205000000.0,74000000.0,634000000.0,97000000.0,493000000.0,1873000000.0,214000000.0,0.1989688824688508,3
2015-03-31,15.628999710083008,19.4685001373291,14.262499809265137,18.604999542236328,4588122000,17.035492150323826,57.364671641968826,0.0697413316636961,56.73991595004397,0.2962423722135382,-0.6780014038085902,87968986000,6.845106691000924,0.6793195995042268,0.0122131441460276,234.84933333333333,218662.3333333333,0.11,361733.3333333333,2.553333333333333,218662.3333333333,50075000000.0,25922000000.0,10237000000.0,13781000000.0,7369000000.0,4772000000.0,24153000000.0,17736000000.0,3491000000.0,3491000000.0,3544000000.0,4772000000.0,2926000000.0,39202000000.0,23177000000.0,11917000000.0,16025000000.0,9729000000.0,8257000000.0,9729000000.0,7463000000.0,7768000000.0,10873000000.0,1837000000.0,1892000000.0,5000000.0,466000000.0,-1499000000.0,39000000.0,-2446000000.0,-721000000.0,1426000000.0,871000000.0,441000000.0,-721000000.0,-57000000.0,-1847000000.0,-652000000.0,0.0,0.0,0.0,-4320000000.0,-57000000.0,-0.01,-0.01,0.0,0.0,4271000000.0,22602000000.0,18331000000.0,15395000000.0,255000000.0,1510000000.0,152000000.0,2980000000.0,11000000.0,-115000000.0,115000000.0,-130000000.0,1426000000.0,14000000.0,71000000.0,115000000.0,-57000000.0,-298000000.0,129000000.0,1555000000.0,-57000000.0,0.16659504070889977,3
2015-06-30,18.604999542236328,22.63249969482422,18.41699981689453,21.70450019836425,3827506000,20.41185485857144,58.29343377934121,0.1678134743927479,62.59259258419463,0.3043156535176736,0.1585006713867116,90120608000,7.985467518844983,0.4815126342521351,0.0450159103151364,237.68066666666667,227996.3333333333,0.1233333333333333,398208.0,2.8866666666666667,227996.3333333333,52440000000.0,26391000000.0,10269000000.0,14001000000.0,7470000000.0,4920000000.0,26049000000.0,19479000000.0,3523000000.0,3523000000.0,3732000000.0,4920000000.0,3047000000.0,40672000000.0,23912000000.0,12391000000.0,16760000000.0,9602000000.0,8250000000.0,9602000000.0,7700000000.0,8510000000.0,11768000000.0,1837000000.0,1984000000.0,5000000.0,468000000.0,1997000000.0,247000000.0,1770000000.0,27000000.0,1504000000.0,1213000000.0,-430000000.0,27000000.0,92000000.0,-1376000000.0,-691000000.0,0.0,0.0,0.0,32000000.0,92000000.0,0.01,-0.01,0.02,200.0,4790000000.0,23071000000.0,18281000000.0,15160000000.0,464000000.0,1617000000.0,157000000.0,3169000000.0,12000000.0,-114000000.0,114000000.0,0.0,1504000000.0,358000000.0,266000000.0,114000000.0,92000000.0,227000000.0,472000000.0,1976000000.0,92000000.0,0.17922547647246026,3
2015-09-30,21.967500686645508,29.028499603271484,21.278499603271484,25.59449958801269,5234042000,24.58426747009868,60.31868514312631,0.0464788551273471,63.27962367835133,0.5575350608144495,-0.0500011444091832,92996716000,9.41666673976534,0.991878594772244,0.1294689178466797,238.305,222136.3333333333,0.1366666666666667,397801.6666666667,2.9599999999999995,222136.3333333333,56230000000.0,28849000000.0,10709000000.0,14428000000.0,8981000000.0,5440000000.0,27381000000.0,20636000000.0,3529000000.0,3529000000.0,3719000000.0,5440000000.0,3216000000.0,43800000000.0,26657000000.0,14437000000.0,17143000000.0,9451000000.0,8243000000.0,9451000000.0,8040000000.0,8900000000.0,12430000000.0,1837000000.0,2063000000.0,5000000.0,469000000.0,2610000000.0,102000000.0,3809000000.0,1537000000.0,1599000000.0,1195000000.0,-588000000.0,1537000000.0,79000000.0,-1377000000.0,-730000000.0,0.0,0.0,0.0,440000000.0,79000000.0,0.01,-0.01,0.02,200.0,5161000000.0,25242000000.0,20081000000.0,16755000000.0,406000000.0,1727000000.0,159000000.0,3369000000.0,13000000.0,-116000000.0,116000000.0,-56000000.0,1599000000.0,240000000.0,161000000.0,116000000.0,79000000.0,21000000.0,356000000.0,1955000000.0,79000000.0,0.3203812923707772,3
2015-12-31,25.549999237060547,34.821998596191406,25.299999237060547,33.79449844360352,5492370000,30.37065467948005,62.6908174041667,0.3925043473791731,77.10836573897507,0.5787889042070931,-0.1585006713867116,96188218000,12.433590599676268,1.003793274034234,0.0975314080715186,237.23300000000003,225263.0,0.16,417477.6666666667,2.9633333333333334,225263.0,64747000000.0,35705000000.0,15890000000.0,19808000000.0,10243000000.0,6423000000.0,29732000000.0,21838000000.0,4521000000.0,3759000000.0,3918000000.0,-5654000000.0,3445000000.0,51363000000.0,33887000000.0,20397000000.0,23457000000.0,8562000000.0,8227000000.0,8562000000.0,10134000000.0,9249000000.0,13384000000.0,1837000000.0,2545000000.0,5000000.0,471000000.0,8931000000.0,55000000.0,8562000000.0,1343000000.0,1752000000.0,1309000000.0,-1178000000.0,1343000000.0,485000000.0,-1850000000.0,-1809000000.0,0.0,0.0,0.0,5181000000.0,482000000.0,0.05,0.08,-0.03,-37.5,35747000000.0,35747000000.0,26787000000.0,24341000000.0,1108000000.0,694000000.0,167000000.0,2770000000.0,13000000.0,-115000000.0,115000000.0,-69000000.0,1752000000.0,935000000.0,453000000.0,115000000.0,485000000.0,434000000.0,1050000000.0,2802000000.0,482000000.0,-0.12169138251669925,1
2016-03-31,32.81449890136719,32.88600158691406,23.700000762939453,29.68199920654297,6967104000,29.16378413132632,46.88421702731775,0.3918724812295338,47.53915774102074,0.7679326417016203,0.7299995422363281,99450764000,10.920529769955031,1.449433770160318,-0.0450900343597914,237.3863333333333,218029.66666666663,0.36,373317.3333333333,2.72,218029.66666666663,61128000000.0,30513000000.0,12470000000.0,15859000000.0,9582000000.0,5072000000.0,30615000000.0,23308000000.0,3785000000.0,3785000000.0,3389000000.0,5072000000.0,3522000000.0,46372000000.0,28187000000.0,14990000000.0,22385000000.0,8405000000.0,8219000000.0,8405000000.0,9341000000.0,9966000000.0,14756000000.0,1837000000.0,3058000000.0,5000000.0,472000000.0,-1953000000.0,209000000.0,-2956000000.0,-769000000.0,1827000000.0,1179000000.0,412000000.0,-769000000.0,513000000.0,-693000000.0,-996000000.0,0.0,0.0,0.0,-3420000000.0,513000000.0,0.05,0.03,0.02,66.6667,6385000000.0,29011000000.0,22626000000.0,18866000000.0,1071000000.0,1933000000.0,161000000.0,3805000000.0,21000000.0,-117000000.0,117000000.0,81000000.0,1827000000.0,988000000.0,475000000.0,117000000.0,513000000.0,622000000.0,1105000000.0,2932000000.0,513000000.0,0.2054780401076577,3
2016-06-30,29.52449989318848,36.57500076293945,29.262500762939453,35.78099822998047,4872392000,32.75248123066766,61.87243852996744,0.1590311607018648,74.24170063101022,0.4971042232854023,-0.1910018920898437,102252182000,13.164458824022743,0.9808818697176576,0.0431486666202546,240.16933333333336,223338.66666666663,0.3733333333333333,405836.0,2.566666666666667,223338.66666666663,65076000000.0,32220000000.0,12521000000.0,16540000000.0,9588000000.0,6092000000.0,32856000000.0,25190000000.0,3774000000.0,3774000000.0,4019000000.0,6092000000.0,3892000000.0,48538000000.0,29587000000.0,16123000000.0,23251000000.0,8347000000.0,8212000000.0,8347000000.0,9572000000.0,10739000000.0,16538000000.0,1837000000.0,3915000000.0,5000000.0,474000000.0,3578000000.0,256000000.0,3317000000.0,57000000.0,1909000000.0,1711000000.0,-1184000000.0,57000000.0,857000000.0,-2439000000.0,-1152000000.0,0.0,0.0,0.0,51000000.0,857000000.0,0.09,0.06,0.03,50.0,7073000000.0,30288000000.0,23215000000.0,19180000000.0,1285000000.0,2126000000.0,160000000.0,4090000000.0,24000000.0,-116000000.0,116000000.0,-14000000.0,1909000000.0,1164000000.0,307000000.0,116000000.0,857000000.0,900000000.0,1280000000.0,3189000000.0,857000000.0,0.1700484467962661,3
2016-09-30,35.86600112915039,41.997501373291016,35.82699966430664,41.865501403808594,3719432000,37.58801073119754,60.58939242440039,0.8265147250404183,72.44984619299669,0.3793909762586865,3.407501220703125,104757790000,15.403054599961209,0.5793864492387332,0.0514612197875966,240.96833333333333,216786.66666666663,0.3966666666666666,405467.6666666667,2.28,216786.66666666663,70897000000.0,35609000000.0,13656000000.0,18347000000.0,10696000000.0,6566000000.0,35288000000.0,27177000000.0,3815000000.0,3815000000.0,4691000000.0,6566000000.0,4296000000.0,53115000000.0,33498000000.0,18801000000.0,24117000000.0,8345000000.0,8205000000.0,8345000000.0,10449000000.0,11412000000.0,17782000000.0,1837000000.0,4167000000.0,5000000.0,475000000.0,4659000000.0,174000000.0,5342000000.0,1095000000.0,2084000000.0,1841000000.0,-671000000.0,1095000000.0,252000000.0,-2570000000.0,-1000000000.0,0.0,0.0,0.0,1135000000.0,252000000.0,0.03,0.04,-0.01,-25.0,6875000000.0,32596000000.0,25721000000.0,21260000000.0,575000000.0,2377000000.0,160000000.0,4493000000.0,26000000.0,-118000000.0,118000000.0,8000000.0,2083000000.0,481000000.0,229000000.0,118000000.0,252000000.0,302000000.0,599000000.0,2682000000.0,252000000.0,-0.10442969751585224,1
2016-12-31,41.79999923706055,42.36050033569336,35.505001068115234,37.493499755859375,5216198000,39.460824890021385,49.8336329782506,-0.0940974237710889,49.60410026362039,0.5938864554407383,-0.0349998474121164,106744882000,13.7945182672671,1.0196897417402604,0.0529524182516422,241.50466666666668,224676.3333333333,0.45,431030.6666666667,2.823333333333333,224676.3333333333,83402000000.0,45781000000.0,19334000000.0,25981000000.0,11461000000.0,8339000000.0,38475000000.0,29114000000.0,4638000000.0,3784000000.0,6647000000.0,-8339000000.0,4723000000.0,64117000000.0,43816000000.0,25309000000.0,25900000000.0,8838000000.0,7694000000.0,8838000000.0,12683000000.0,12607000000.0,19285000000.0,1837000000.0,4916000000.0,5000000.0,477000000.0,10919000000.0,480000000.0,11257000000.0,1043000000.0,2297000000.0,3073000000.0,-1924000000.0,1043000000.0,752000000.0,-3814000000.0,-568000000.0,0.0,0.0,0.0,5678000000.0,749000000.0,0.08,0.07,0.01,14.2857,43741000000.0,43741000000.0,32253000000.0,28959000000.0,1255000000.0,997000000.0,999000000.0,3779000000.0,29000000.0,-133000000.0,133000000.0,15000000.0,2297000000.0,1163000000.0,414000000.0,133000000.0,752000000.0,285000000.0,1296000000.0,3593000000.0,749000000.0,0.18225825684302374,3
2017-03-31,37.89599990844727,44.51750183105469,37.3849983215332,44.32699966430664,4061460000,40.92433524534633,62.503872740537886,0.4215547395000243,71.37584062746258,0.3942323148525263,1.881500244140625,109298794000,16.308683120648446,0.6678846836797386,0.0140241807506923,243.4143333333333,216930.3333333333,0.7000000000000001,385896.0,3.043333333333333,216930.3333333333,80969000000.0,39460000000.0,15440000000.0,21531000000.0,10600000000.0,7329000000.0,41509000000.0,32632000000.0,3823000000.0,3823000000.0,6091000000.0,7329000000.0,5054000000.0,59295000000.0,37399000000.0,18891000000.0,27696000000.0,8827000000.0,7691000000.0,8827000000.0,12005000000.0,14205000000.0,21674000000.0,1837000000.0,6327000000.0,5000000.0,478000000.0,-1619000000.0,4000000.0,-2811000000.0,-947000000.0,2435000000.0,1861000000.0,994000000.0,-947000000.0,724000000.0,-1350000000.0,-888000000.0,0.0,0.0,0.0,-3894000000.0,724000000.0,0.07,0.05,0.02,40.0,7985000000.0,35575000000.0,27590000000.0,22440000000.0,1005000000.0,2715000000.0,4402000000.0,5194000000.0,39000000.0,-139000000.0,139000000.0,48000000.0,2285000000.0,953000000.0,229000000.0,139000000.0,724000000.0,912000000.0,1092000000.0,3290000000.0,724000000.0,0.0918853496157549,3
2017-06-30,44.400001525878906,50.84999847412109,44.2244987487793,48.400001525878906,4917542000,46.68839680274508,65.03697375980832,0.1526054203438036,75.39828555849331,0.6220284935568469,-1.3974990844726562,112110186000,17.807212170961783,0.958366443281437,0.1423888433547246,244.7373333333333,231330.0,0.95,421636.0,2.9,231330.0,87781000000.0,41007000000.0,13203000000.0,21451000000.0,11510000000.0,8046000000.0,46774000000.0,37083000000.0,4254000000.0,4254000000.0,8248000000.0,8046000000.0,5437000000.0,64567000000.0,40520000000.0,21439000000.0,24047000000.0,8832000000.0,7683000000.0,8832000000.0,12953000000.0,16364000000.0,23214000000.0,1837000000.0,6524000000.0,5000000.0,480000000.0,3850000000.0,773051724.137931,5135000000.0,682000000.0,2633000000.0,3401000000.0,-1242000000.0,682000000.0,197000000.0,-5274000000.0,-1274000000.0,0.0,0.0,0.0,-2237000000.0,197000000.0,0.02,0.07,-0.05,-71.4286,11258000000.0,37812000000.0,26554000000.0,23451000000.0,628000000.0,3103000000.0,145000000.0,3169000000.0,44000000.0,-143000000.0,143000000.0,137000000.0,2488000000.0,664000000.0,467000000.0,143000000.0,197000000.0,387000000.0,807000000.0,3116000000.0,197000000.0,-0.006869843952089295,2
2017-09-30,48.63949966430664,54.16550064086914,46.587501525878906,48.067501068115234,4309920000,49.30081262970548,48.8957519533323,-0.3133858096598132,45.96924322110941,0.6241450796321945,-0.3120002746582031,113968450000,17.684879402125542,0.9760205507692572,0.0616112966386093,245.708,221292.66666666663,1.153333333333333,420425.6666666667,2.82,221292.66666666663,115267000000.0,48578000000.0,12767000000.0,24310000000.0,13711000000.0,10557000000.0,66689000000.0,45335000000.0,13271000000.0,13271000000.0,11543000000.0,10557000000.0,8083000000.0,90609000000.0,47072000000.0,26075000000.0,43537000000.0,25847000000.0,24710000000.0,25847000000.0,14807000000.0,18827000000.0,24658000000.0,1837000000.0,6779000000.0,5000000.0,482000000.0,3777000000.0,773051724.137931,6808000000.0,1593000000.0,2912000000.0,3074000000.0,-1757000000.0,1593000000.0,256000000.0,-18478000000.0,14662000000.0,0.0,0.0,0.0,-436000000.0,256000000.0,0.03,0.03,0.0,0.0,12528000000.0,43516000000.0,30988000000.0,27549000000.0,347000000.0,3439000000.0,128000000.0,3484000000.0,54000000.0,-228000000.0,228000000.0,143000000.0,2784000000.0,314000000.0,58000000.0,228000000.0,256000000.0,361000000.0,542000000.0,3131000000.0,256000000.0,0.21648718986315502,3
2017-12-31,48.20000076293945,60.670501708984375,47.51850128173828,58.4734992980957,4365186000,53.35154626951556,64.51284779867565,0.6508022955058621,69.70738449741798,0.6980940933400538,0.4099998474121022,116459366000,21.513429246960506,1.5792086659936722,0.1368493579682854,246.61866666666663,234094.0,1.2033333333333334,452113.6666666667,2.8166666666666664,234094.0,131310000000.0,60197000000.0,20522000000.0,30986000000.0,16047000000.0,13164000000.0,74484000000.0,48866000000.0,16721000000.0,13350000000.0,10464000000.0,-13164000000.0,8897000000.0,103601000000.0,57883000000.0,34616000000.0,55156000000.0,24942000000.0,24743000000.0,24942000000.0,18070000000.0,20975000000.0,27709000000.0,1837000000.0,8636000000.0,5000000.0,484000000.0,12358000000.0,773051724.137931,-1218000000.0,2255000000.0,3498000000.0,3619000000.0,-2781000000.0,2255000000.0,1856000000.0,-1981000000.0,-2571000000.0,0.0,0.0,0.0,7755000000.0,1856000000.0,0.11,0.09,0.02,22.2222,60453000000.0,60453000000.0,43345000000.0,38495000000.0,2127000000.0,4484000000.0,221000000.0,5535000000.0,65000000.0,-338000000.0,338000000.0,17000000.0,3498000000.0,1872000000.0,16000000.0,338000000.0,1856000000.0,1874000000.0,2210000000.0,5625000000.0,1856000000.0,0.23760331832053505,3
2018-03-31,58.59999847412109,80.87699890136719,58.5255012512207,72.36699676513672,7291106000,68.57503593796217,70.29866763066939,0.1903257433323091,77.60813097793539,1.424162639108698,-3.2555007934570312,120704336000,26.62509142449236,2.461001502706289,0.2011964516561538,248.804,230767.0,1.4466666666666663,404935.0,3.033333333333333,230767.0,126362000000.0,50829000000.0,16676000000.0,24963000000.0,13840000000.0,12026000000.0,75538000000.0,52331000000.0,13388000000.0,13388000000.0,8287000000.0,5726000000.0,9814000000.0,94899000000.0,48045000000.0,25172000000.0,56454000000.0,24792000000.0,24640000000.0,24792000000.0,16638000000.0,22214000000.0,31463000000.0,1837000000.0,11199000000.0,5000000.0,485000000.0,-1791000000.0,74000000.0,-9310000000.0,-2220000000.0,3671000000.0,3098000000.0,1029000000.0,-2220000000.0,1629000000.0,-533000000.0,-2164000000.0,0.0,0.0,0.0,-4240000000.0,1629000000.0,0.16,0.06,0.1,166.6667,16211000000.0,50712000000.0,34501000000.0,30735000000.0,1927000000.0,3766000000.0,5968000000.0,3829000000.0,80000000.0,-330000000.0,330000000.0,239000000.0,3671000000.0,1916000000.0,287000000.0,330000000.0,1629000000.0,1646000000.0,2246000000.0,5598000000.0,1629000000.0,0.17443035724696576,4
2018-06-30,70.88099670410156,88.15499877929688,67.64399719238281,84.98999786376953,5749528000,78.03724844682785,61.9515719150756,0.9888684344426936,65.89685782433259,1.3695193103381569,3.508995056152344,124180282000,31.26931563339968,2.490049586054157,0.2504928112030029,251.3743333333333,245083.3333333333,1.7366666666666666,442796.6666666667,3.083333333333333,245083.3333333333,134100000000.0,54481000000.0,19823000000.0,27050000000.0,14824000000.0,12607000000.0,79625000000.0,54768000000.0,13944000000.0,13944000000.0,7227000000.0,5707000000.0,10907000000.0,99105000000.0,50801000000.0,27657000000.0,58504000000.0,24770000000.0,24638000000.0,24770000000.0,17109000000.0,23666000000.0,34995000000.0,1837000000.0,13733000000.0,5000000.0,487000000.0,7449000000.0,85000000.0,2420000000.0,1090000000.0,3630000000.0,3243000000.0,-1365000000.0,1090000000.0,2534000000.0,-2692000000.0,-1394000000.0,0.0,0.0,0.0,2920000000.0,2534000000.0,0.25,0.13,0.12,92.3077,17899000000.0,52543000000.0,34644000000.0,30632000000.0,2983000000.0,4012000000.0,6432000000.0,4092000000.0,94000000.0,-343000000.0,343000000.0,-129000000.0,3630000000.0,2608000000.0,74000000.0,343000000.0,2534000000.0,2067000000.0,2951000000.0,6613000000.0,2534000000.0,0.1783739739164289,3
2018-09-30,84.13500213623047,102.5250015258789,83.90299987792969,100.1500015258789,5770848000,91.96876900140212,61.67216318743476,0.936684608247873,69.72058955850554,1.456020502276432,0.2450027465820312,127598758000,36.84694772457629,2.135005770668337,0.2083416893368662,252.197,239030.66666666663,1.923333333333333,438321.0,3.0666666666666664,239030.66666666663,143695000000.0,59885000000.0,20425000000.0,29765000000.0,15862000000.0,14258000000.0,83813000000.0,58019000000.0,14553000000.0,14553000000.0,9340000000.0,-14258000000.0,11238000000.0,104570000000.0,55324000000.0,30904000000.0,59146000000.0,24829000000.0,24684000000.0,24829000000.0,18376000000.0,24562000000.0,39125000000.0,1837000000.0,16616000000.0,5000000.0,489000000.0,8588000000.0,118000000.0,3894000000.0,1094000000.0,3778000000.0,3352000000.0,-2884000000.0,1094000000.0,2883000000.0,-5572000000.0,-2369000000.0,0.0,0.0,0.0,496000000.0,2883000000.0,0.29,0.16,0.13,81.25,18871000000.0,56218000000.0,37347000000.0,33003000000.0,3724000000.0,4344000000.0,6303000000.0,4412000000.0,117000000.0,-358000000.0,358000000.0,-93000000.0,3778000000.0,3391000000.0,508000000.0,358000000.0,2883000000.0,2783000000.0,3749000000.0,7502000000.0,2883000000.0,-0.2501397706580423,1
2018-12-31,101.09950256347656,101.65950012207033,65.3499984741211,75.09850311279297,9546470000,86.721631154632,41.463880137846346,-2.672188032567803,39.76942472826478,2.8969886589482803,-8.788993835449219,131252900000,27.63006067130189,4.161347207881488,0.0737146044534352,252.052,238148.66666666663,2.22,465074.3333333333,3.266666666666667,238148.66666666663,162648000000.0,75101000000.0,31750000000.0,41250000000.0,17174000000.0,16677000000.0,91662000000.0,61797000000.0,18658000000.0,14548000000.0,9500000000.0,-16677000000.0,11202000000.0,119099000000.0,68391000000.0,38192000000.0,61758000000.0,24965000000.0,23495000000.0,24965000000.0,22292000000.0,17563000000.0,43549000000.0,1837000000.0,19625000000.0,5000000.0,491000000.0,16477000000.0,-277000000.0,7409000000.0,1350000000.0,4262000000.0,3734000000.0,-1395000000.0,1350000000.0,3023000000.0,-3572000000.0,-1761000000.0,0.0,0.0,0.0,3023000000.0,3027000000.0,0.3,0.28,0.02,7.1429,72383000000.0,72383000000.0,59490000000.0,44786000000.0,3786000000.0,14229000000.0,1452000000.0,15667000000.0,150000000.0,-387000000.0,387000000.0,-199000000.0,4262000000.0,3354000000.0,327000000.0,387000000.0,3023000000.0,3030000000.0,3741000000.0,8048000000.0,3027000000.0,0.18560949664193277,3
2019-03-31,73.26000213623047,91.1875,73.04650115966797,89.0374984741211,6315416000,81.25953102558502,58.63413878965239,1.822944419824097,65.54833535804578,1.8632789719021008,7.045997619628906,135267514000,32.758462324688274,2.784876162284796,0.0381642325979762,252.89666666666668,227335.0,2.4033333333333333,410290.3333333333,3.013333333333333,227335.0,178102000000.0,69431000000.0,23115000000.0,37020000000.0,16432000000.0,15979000000.0,88572000000.0,61048000000.0,14708000000.0,14708000000.0,13905000000.0,3679000000.0,12783000000.0,129692000000.0,63695000000.0,31809000000.0,34122000000.0,25031000000.0,23322000000.0,25031000000.0,22980000000.0,9400000000.0,48410000000.0,1837000000.0,23193000000.0,5000000.0,492000000.0,1846000000.0,874000000.0,-5496000000.0,-719000000.0,4854000000.0,3290000000.0,-401000000.0,-719000000.0,3561000000.0,-8123000000.0,-2377000000.0,0.0,0.0,0.0,-8666000000.0,3561000000.0,0.35,0.24,0.11,45.8333,20582000000.0,59339000000.0,38757000000.0,33920000000.0,4420000000.0,4837000000.0,6841000000.0,4837000000.0,183000000.0,-366000000.0,366000000.0,164000000.0,2307000000.0,4397000000.0,836000000.0,366000000.0,3561000000.0,3586000000.0,4763000000.0,7070000000.0,3561000000.0,0.06338907672049865,3
2019-06-30,90.00550079345703,98.22000122070312,83.5999984741211,94.68150329589844,5084002000,92.09249480601432,59.34637878891266,0.9005357222135331,65.93873266101274,1.350583584670849,3.8655014038085938,137883174000,34.83499100623353,2.440486741547777,0.0950624980623775,255.92766666666665,226325.3333333333,2.3966666666666665,455421.6666666667,2.776666666666667,226325.3333333333,191351000000.0,76790000000.0,22616000000.0,41463000000.0,18580000000.0,16747000000.0,164892000000.0,64723000000.0,14727000000.0,14727000000.0,18847000000.0,3547000000.0,13462000000.0,138290000000.0,69678000000.0,36063000000.0,70212000000.0,25066000000.0,23329000000.0,25066000000.0,24504000000.0,10149000000.0,53061000000.0,1837000000.0,25818000000.0,5000000.0,494000000.0,9118000000.0,988000000.0,4058000000.0,2100000000.0,5202000000.0,3562000000.0,-2193000000.0,2100000000.0,2625000000.0,-7549000000.0,-2158000000.0,0.0,0.0,0.0,-542000000.0,2625000000.0,0.26,0.28,-0.02,-7.1429,18721000000.0,63021000000.0,44300000000.0,36337000000.0,3084000000.0,5561000000.0,7910000000.0,8049000000.0,215000000.0,-383000000.0,383000000.0,-27000000.0,2402000000.0,2882000000.0,257000000.0,383000000.0,2625000000.0,2675000000.0,3265000000.0,5667000000.0,2625000000.0,-0.08328978007741118,1
2019-09-30,96.14900207519533,101.79000091552734,85.46099853515625,86.79550170898438,4281858000,93.50886540185836,48.898933661289306,-1.0681971071925744,49.31108968823238,1.192644068172999,-2.524497985839844,139844404000,31.93359226632575,2.342763150388252,-0.0001711845397958,256.62933333333336,223994.0,2.19,454337.6666666667,2.283333333333333,223994.0,199099000000.0,79054000000.0,23255000000.0,43401000000.0,18766000000.0,16887000000.0,173787000000.0,67662000000.0,14734000000.0,14734000000.0,20146000000.0,3787000000.0,14535000000.0,142591000000.0,72136000000.0,35794000000.0,72055000000.0,25411000000.0,22472000000.0,25411000000.0,26120000000.0,10925000000.0,56508000000.0,1837000000.0,27952000000.0,5000000.0,495000000.0,7892000000.0,1039000000.0,173000000.0,381000000.0,5563000000.0,4697000000.0,-1182000000.0,381000000.0,2134000000.0,-5074000000.0,-1960000000.0,0.0,0.0,0.0,589000000.0,2134000000.0,0.21,0.23,-0.02,-8.6957,19574000000.0,69585000000.0,50011000000.0,41302000000.0,3157000000.0,6100000000.0,8022000000.0,8764000000.0,224000000.0,-396000000.0,396000000.0,-353000000.0,2609000000.0,2628000000.0,494000000.0,396000000.0,2134000000.0,1665000000.0,3024000000.0,5633000000.0,2134000000.0,0.06447910861550957,3
2019-12-31,87.30000305175781,95.06999969482422,84.25299835205078,92.39199829101562,3811726000,88.34738327775683,50.63708243842179,1.0608320978359842,55.48783835629533,0.999350198677608,2.351997375488281,141822146000,33.99264183054957,1.3511553572449126,0.0532113313674931,257.176,218122.3333333333,1.643333333333333,480440.3333333333,2.2566666666666664,218122.3333333333,225248000000.0,96334000000.0,36092000000.0,55021000000.0,20497000000.0,20816000000.0,190405000000.0,72705000000.0,18803000000.0,14754000000.0,18929000000.0,4016000000.0,16314000000.0,163188000000.0,87812000000.0,47183000000.0,77376000000.0,24820000000.0,23414000000.0,24820000000.0,31134000000.0,12171000000.0,62060000000.0,1837000000.0,31220000000.0,5000000.0,498000000.0,19659000000.0,1107000000.0,11169000000.0,1516000000.0,6170000000.0,5312000000.0,-3905000000.0,1516000000.0,3267000000.0,-3536000000.0,-3571000000.0,0.0,0.0,0.0,3267000000.0,3268000000.0,0.32,0.2,0.12,60.0,87437000000.0,87437000000.0,75900000000.0,53977000000.0,3879000000.0,18583000000.0,9740000000.0,22988000000.0,211000000.0,-455000000.0,455000000.0,418000000.0,3340000000.0,4054000000.0,786000000.0,455000000.0,3267000000.0,3711000000.0,4509000000.0,7849000000.0,3268000000.0,0.05513466386964034,3
2020-03-31,93.75,109.29750061035156,81.30149841308594,97.48600006103516,6820350000,96.18117652693836,55.55139987003587,-0.0425112347350875,59.98481685511496,2.275444953672348,-0.2115020751953267,145330548000,35.86681471191797,4.120884425714579,-0.0545318357406105,258.25466666666665,220279.3333333333,1.26,418933.0,1.8833333333333333,220279.3333333333,221238000000.0,85985000000.0,27201000000.0,49292000000.0,18857000000.0,17836000000.0,193275000000.0,77779000000.0,14739000000.0,14739000000.0,22091000000.0,3836000000.0,16456000000.0,155966000000.0,79711000000.0,40056000000.0,78055000000.0,24849000000.0,23437000000.0,24849000000.0,29480000000.0,12518000000.0,65272000000.0,1837000000.0,33755000000.0,5000000.0,499000000.0,3064000000.0,1197000000.0,-7437000000.0,-1392000000.0,5362000000.0,6795000000.0,1262000000.0,-1392000000.0,2535000000.0,-8894000000.0,-2591000000.0,0.0,0.0,0.0,-8905000000.0,2535000000.0,0.25,0.31,-0.06,-19.3548,22619000000.0,75050000000.0,52431000000.0,44257000000.0,3989000000.0,6280000000.0,7993000000.0,8174000000.0,202000000.0,-402000000.0,402000000.0,-406000000.0,1894000000.0,3279000000.0,744000000.0,402000000.0,2535000000.0,1458000000.0,3681000000.0,5575000000.0,2535000000.0,0.4149826044389105,3
2020-06-30,96.64849853515624,139.8000030517578,94.4574966430664,137.9409942626953,5900250000,114.47321489698852,66.08105975150313,4.023803134591873,73.60976486541185,2.721837595206539,14.388992309570312,149215198000,50.75091889399752,4.975434404057902,0.2931663876488091,256.86,182445.3333333333,0.06,438773.0,1.38,182445.3333333333,258314000000.0,110908000000.0,37466000000.0,71391000000.0,19599000000.0,19918000000.0,208228000000.0,86517000000.0,14751000000.0,14751000000.0,33925000000.0,4618000000.0,17601000000.0,184586000000.0,93896000000.0,51036000000.0,90690000000.0,34486000000.0,33128000000.0,34486000000.0,31979000000.0,14764000000.0,73728000000.0,1837000000.0,38998000000.0,5000000.0,501000000.0,20606000000.0,1247000000.0,8863000000.0,672000000.0,5748000000.0,7459000000.0,-2854000000.0,672000000.0,5243000000.0,-17804000000.0,7408000000.0,0.0,0.0,0.0,10337000000.0,5243000000.0,0.52,0.07,0.45,642.8571,27895000000.0,88509000000.0,60614000000.0,52660000000.0,5843000000.0,5925000000.0,8945000000.0,7954000000.0,135000000.0,-403000000.0,403000000.0,646000000.0,2029000000.0,6227000000.0,984000000.0,403000000.0,5243000000.0,5851000000.0,6630000000.0,8659000000.0,5243000000.0,0.14133215989511622,3
2020-09-30,137.89950561523438,177.6125030517578,137.6999969482422,157.43649291992188,6538358000,154.34442054657708,57.2567493469702,-1.526200387219319,59.14096337217717,4.18703076669148,-15.11151123046875,152613960000,57.92365587794803,6.543571644760258,0.5014469623565674,259.7663333333333,221855.3333333333,0.0933333333333333,484021.3333333333,1.3633333333333333,221855.3333333333,282179000000.0,112969000000.0,29930000000.0,68402000000.0,23735000000.0,20832000000.0,234143000000.0,99981000000.0,14960000000.0,14960000000.0,38472000000.0,4432000000.0,20150000000.0,199404000000.0,101912000000.0,58334000000.0,99392000000.0,33288000000.0,32929000000.0,33288000000.0,33447000000.0,15974000000.0,82775000000.0,1837000000.0,45329000000.0,5000000.0,502000000.0,11964000000.0,1314000000.0,3736000000.0,3899000000.0,6523000000.0,11063000000.0,-2016000000.0,3899000000.0,6331000000.0,-15876000000.0,-4105000000.0,0.0,0.0,0.0,-7640000000.0,6331000000.0,0.62,0.37,0.25,67.5676,29309000000.0,95717000000.0,66408000000.0,57106000000.0,6194000000.0,7102000000.0,9334000000.0,9302000000.0,118000000.0,-428000000.0,428000000.0,925000000.0,2200000000.0,6900000000.0,569000000.0,428000000.0,6331000000.0,6757000000.0,7328000000.0,9528000000.0,6331000000.0,0.03436308546876172,2
2020-12-31,160.39999389648438,174.81199645996094,147.50599670410156,162.84649658203125,5691856000,158.62906181244622,52.89723267694444,1.430710073428287,54.59692022502963,3.4941034657614574,1.842498779296875,155455834000,59.9140914155451,4.280695904878787,0.3931171894073486,260.36366666666663,232416.0,0.09,513510.3333333333,1.62,232416.0,321195000000.0,132733000000.0,42122000000.0,84396000000.0,23795000000.0,24542000000.0,148451000000.0,45014000000.0,19998000000.0,15017000000.0,42274000000.0,4942000000.0,22778000000.0,227791000000.0,126385000000.0,72539000000.0,103306000000.0,33174000000.0,31816000000.0,33174000000.0,42147000000.0,17017000000.0,93404000000.0,1837000000.0,52551000000.0,5000000.0,503000000.0,30431000000.0,1328000000.0,13582000000.0,-329000000.0,7547000000.0,14823000000.0,-4561000000.0,-329000000.0,7199000000.0,-17037000000.0,-1816000000.0,0.0,0.0,0.0,7199000000.0,7222000000.0,0.7,0.36,0.34,94.4444,125555000000.0,125555000000.0,102441000000.0,79284000000.0,6873000000.0,20271000000.0,5242000000.0,24557000000.0,100000000.0,-414000000.0,414000000.0,1206000000.0,2886000000.0,7788000000.0,566000000.0,414000000.0,7199000000.0,8071000000.0,8202000000.0,11088000000.0,7222000000.0,-0.05000108692515246,1
2021-03-31,163.5,171.6999969482422,144.0500030517578,154.70399475097656,4436478000,159.67502920968192,47.24160888971806,-1.0509595265064604,43.470266444103565,2.8578000571186144,-0.0225067138671875,157799664000,56.91832172263493,3.816789866572975,0.1455495865618596,263.15766666666667,242843.66666666663,0.08,486754.3333333333,2.066666666666667,242843.66666666663,323077000000.0,121408000000.0,33834000000.0,73270000000.0,23849000000.0,24289000000.0,149530000000.0,52161000000.0,15220000000.0,15220000000.0,39436000000.0,5389000000.0,25660000000.0,219757000000.0,115404000000.0,63926000000.0,106253000000.0,33227000000.0,31868000000.0,33227000000.0,39058000000.0,19418000000.0,103320000000.0,1837000000.0,60658000000.0,5000000.0,504000000.0,4213000000.0,1797000000.0,-7366000000.0,304000000.0,7508000000.0,12082000000.0,-2255000000.0,304000000.0,8107000000.0,-8666000000.0,-3476000000.0,0.0,0.0,0.0,-8222000000.0,8107000000.0,0.79,0.48,0.31,64.5833,35035000000.0,108088000000.0,73053000000.0,62403000000.0,8865000000.0,8194000000.0,10584000000.0,10650000000.0,105000000.0,-399000000.0,399000000.0,1697000000.0,2456000000.0,10263000000.0,2156000000.0,399000000.0,8107000000.0,7621000000.0,10662000000.0,13118000000.0,8107000000.0,0.11185232082950435,3
2021-06-30,155.89700317382812,177.6999969482422,155.77749633789062,172.00799560546875,4380690000,163.4170792652456,59.23709711581929,2.428456139230832,61.939060539058026,2.461234319777716,11.07550048828125,160191562000,63.28476810503206,4.333913763173031,0.3048567998976934,269.315,252392.66666666663,0.07,559241.0,2.26,252392.66666666663,360319000000.0,140848000000.0,40380000000.0,89894000000.0,24119000000.0,26835000000.0,85991000000.0,133502000000.0,15350000000.0,15350000000.0,49514000000.0,6335000000.0,27273000000.0,245516000000.0,117792000000.0,66090000000.0,129624000000.0,51762000000.0,50279000000.0,51762000000.0,25193000000.0,21148000000.0,114803000000.0,1837000000.0,68436000000.0,5000000.0,506000000.0,12715000000.0,1706000000.0,203000000.0,209000000.0,8038000000.0,14288000000.0,-4462000000.0,209000000.0,7778000000.0,-22080000000.0,15643000000.0,0.0,0.0,0.0,6512000000.0,7778000000.0,0.76,0.62,0.14,22.5806,36408000000.0,112755000000.0,76347000000.0,64176000000.0,7702000000.0,9682000000.0,11794000000.0,12171000000.0,106000000.0,-435000000.0,435000000.0,1261000000.0,2489000000.0,8646000000.0,868000000.0,435000000.0,7778000000.0,7919000000.0,9081000000.0,11570000000.0,7778000000.0,-0.0450909079941338,2
2021-09-30,171.73049926757812,188.6540069580078,158.78799438476562,164.2519989013672,4182104000,172.77137624649774,50.06902771277258,-1.081312362419709,48.97175611687357,2.461133718490601,-9.287506103515623,162234502000,60.43120044897799,5.435564875659712,-0.1260316371917738,273.62666666666667,255260.66666666663,0.09,543459.0,1.933333333333333,255260.66666666663,382406000000.0,138531000000.0,29944000000.0,78988000000.0,30933000000.0,28610000000.0,96738000000.0,147152000000.0,15345000000.0,15345000000.0,49044000000.0,6910000000.0,29227000000.0,261842000000.0,123994000000.0,71474000000.0,139848000000.0,51376000000.0,50055000000.0,51376000000.0,25921000000.0,23945000000.0,120564000000.0,1837000000.0,71592000000.0,5000000.0,507000000.0,7313000000.0,1933000000.0,4170000000.0,7059000000.0,8948000000.0,15748000000.0,-4890000000.0,7059000000.0,3156000000.0,-14828000000.0,-2776000000.0,0.0,0.0,0.0,-10490000000.0,3156000000.0,0.31,0.45,-0.14,-31.1111,34622000000.0,110212000000.0,75590000000.0,62930000000.0,4852000000.0,10163000000.0,12097000000.0,12660000000.0,119000000.0,-493000000.0,493000000.0,-163000000.0,2497000000.0,4311000000.0,1155000000.0,493000000.0,3156000000.0,2606000000.0,4804000000.0,7301000000.0,3156000000.0,0.015007405415935593,2
2021-12-31,164.45050048828125,188.1074981689453,158.8125,166.7169952392578,4077090000,171.09726212138222,49.24516305345937,-1.3869441856573417,48.14092995217734,3.0520596674510414,-5.469009399414063,164275804000,61.338115973887554,4.039022441888234,0.1137959957122811,277.7796666666666,261890.3333333333,0.08,583827.3333333334,1.95,261890.3333333333,420549000000.0,161580000000.0,36220000000.0,96049000000.0,32640000000.0,32891000000.0,103810000000.0,160281000000.0,20478000000.0,15371000000.0,59829000000.0,7391000000.0,27235000000.0,282304000000.0,142266000000.0,78664000000.0,142238000000.0,50553000000.0,48744000000.0,50871000000.0,35852000000.0,23643000000.0,138245000000.0,1837000000.0,85915000000.0,106000000.0,509000000.0,22086000000.0,1807000000.0,8909000000.0,1915000000.0,9939000000.0,18935000000.0,-6556000000.0,1915000000.0,14314000000.0,-12580000000.0,-3100000000.0,0.0,0.0,0.0,6300000000.0,14323000000.0,0.29,0.18,0.11,61.1111,20863000000.0,136903000000.0,116040000000.0,82835000000.0,3460000000.0,30235000000.0,2001000000.0,34205000000.0,118000000.0,-482000000.0,482000000.0,11838000000.0,2970000000.0,14935000000.0,612000000.0,482000000.0,14314000000.0,14022000000.0,15417000000.0,18387000000.0,14323000000.0,-0.02231024902605857,2
2022-03-31,167.5500030517578,171.39999389648438,133.57249450683594,162.99749755859375,4842744000,156.05128251645604,45.71586095520753,4.295235248448421,51.52044986126504,4.30409409483457,10.944992065429688,166644792000,59.969647331720914,7.052729972887323,0.2084200459141885,284.1226666666667,267996.3333333333,0.12,538283.6666666666,2.2533333333333334,267996.3333333333,410767000000.0,133876000000.0,36393000000.0,66385000000.0,34987000000.0,32504000000.0,108438000000.0,168468000000.0,20229000000.0,20229000000.0,29992000000.0,191000000.0,32033000000.0,276766000000.0,139508000000.0,68547000000.0,139758000000.0,50553000000.0,47556000000.0,50553000000.0,58141000000.0,23971000000.0,134001000000.0,4503000000.0,82071000000.0,5000000.0,509000000.0,-2790000000.0,2474000000.0,-8044000000.0,2614000000.0,9193000000.0,14951000000.0,-1516000000.0,2614000000.0,-3844000000.0,906000000.0,1990000000.0,2666000000.0,2666000000.0,-2666000000.0,106000000.0,-3844000000.0,0.37,0.42,-0.05,-11.9048,37013000000.0,115986000000.0,78973000000.0,66499000000.0,3669000000.0,10914000000.0,12270000000.0,12474000000.0,108000000.0,-472000000.0,472000000.0,-8570000000.0,1560000000.0,-5266000000.0,-1422000000.0,472000000.0,-3844000000.0,-4833000000.0,-4794000000.0,-3234000000.0,-3844000000.0,-0.3483949098893824,1
2022-06-30,164.14950561523438,168.39450073242188,101.26000213623048,106.20999908447266,5491085100,133.27487008582614,40.03989254312416,-2.7059028349887484,31.30128995346565,4.420908659833919,-13.999504089355469,169244637700,39.07652745348795,9.701351731450572,-0.5132991421607245,292.57199999999995,277042.3333333333,0.77,603243.6666666666,3.043333333333333,277042.3333333333,419728000000.0,133667000000.0,37478000000.0,60710000000.0,38153000000.0,34804000000.0,112370000000.0,173706000000.0,20195000000.0,20195000000.0,23232000000.0,207000000.0,33730000000.0,288326000000.0,140291000000.0,71219000000.0,150635000000.0,63435000000.0,58053000000.0,63670000000.0,56254000000.0,23458000000.0,131402000000.0,7837000000.0,80043000000.0,107000000.0,10183000000.0,8965000000.0,2183000000.0,4020000000.0,3890000000.0,9716000000.0,15724000000.0,-6799000000.0,3890000000.0,-2028000000.0,-12078000000.0,4626000000.0,3334000000.0,3334000000.0,-3334000000.0,1513000000.0,-2028000000.0,0.18,0.14,0.04,28.5714,39590000000.0,120533000000.0,80943000000.0,66424000000.0,3317000000.0,12989000000.0,15468000000.0,14519000000.0,159000000.0,-584000000.0,584000000.0,-5545000000.0,1530000000.0,-2665000000.0,-637000000.0,584000000.0,-2028000000.0,-4445000000.0,-2081000000.0,-551000000.0,-2028000000.0,0.06392995926990838,3
2022-09-30,106.29000091552734,146.57000732421875,105.8499984741211,113.0,3718789200,124.86900388059162,51.54569960561421,-4.493867872970426,51.24050717428827,3.507121409688676,-13.769996643066406,171253679500,41.57468826199887,6.513252466016449,-0.059374928474426,296.4183333333333,275786.6666666667,2.19,592005.0,3.263333333333333,275786.6666666667,428362000000.0,131463000000.0,34947000000.0,58662000000.0,36647000000.0,36154000000.0,119711000000.0,177195000000.0,20168000000.0,20168000000.0,23715000000.0,36154000000.0,37503000000.0,290873000000.0,140363000000.0,67760000000.0,153210000000.0,63541000000.0,58919000000.0,64641000000.0,59974000000.0,22259000000.0,137489000000.0,7837000000.0,82915000000.0,107000000.0,10198000000.0,11404000000.0,1901000000.0,-1172000000.0,-732000000.0,10327000000.0,16378000000.0,-4794000000.0,-732000000.0,2872000000.0,-15608000000.0,3016000000.0,0.0,0.0,0.0,-1188000000.0,2872000000.0,0.17,0.22,-0.05,-22.7273,40542000000.0,126381000000.0,85839000000.0,70268000000.0,2525000000.0,14075000000.0,16787000000.0,15571000000.0,277000000.0,-617000000.0,617000000.0,759000000.0,1496000000.0,2941000000.0,69000000.0,617000000.0,2872000000.0,539000000.0,3558000000.0,5054000000.0,2872000000.0,-0.25663716814159293,0
2022-12-31,113.58000183105467,123.0,81.69000244140625,84.0,5043638000,104.13702960025157,39.43716392783504,-3.347537720259055,30.98091656259492,3.329364837162077,-12.540000915527344,173120922100,30.90507800006994,5.758423435297607,-0.0790475512307794,297.50666666666666,275825.6666666667,3.653333333333333,613466.0,3.9,275825.6666666667,462675000000.0,146791000000.0,53888000000.0,70026000000.0,34405000000.0,42360000000.0,135273000000.0,186715000000.0,26385000000.0,20288000000.0,16138000000.0,358000000.0,42758000000.0,316632000000.0,155393000000.0,79600000000.0,164139000000.0,70542000000.0,67150000000.0,71742000000.0,62566000000.0,21121000000.0,146043000000.0,7837000000.0,83193000000.0,108000000.0,10242000000.0,29173000000.0,2449000000.0,1300000000.0,-3180000000.0,12685000000.0,16592000000.0,-8788000000.0,-3180000000.0,-2720000000.0,-10821000000.0,86000000.0,0.0,0.0,0.0,18438000000.0,278000000.0,0.25,0.18,0.07,38.8889,-1360000000.0,148376000000.0,1360000000.0,85640000000.0,2737000000.0,36751000000.0,3653000000.0,1360000000.0,445000000.0,-694000000.0,694000000.0,-3450000000.0,2118000000.0,-949000000.0,-1227000000.0,694000000.0,-2720000000.0,2906000000.0,-255000000.0,1863000000.0,278000000.0,0.2296428680419922,3
2023-03-31,85.45999908447266,114.0,81.43000030517578,103.29000091552734,4237140900,94.57442408736034,54.28370403153059,1.4113842538525034,57.0351766869378,2.624101322367444,11.16000366210939,175409463100,38.00220874906748,4.137302303446701,-0.0645161290322569,300.6153333333333,274724.0,4.516666666666667,557294.6666666666,3.7433333333333336,274724.0,464378000000.0,136221000000.0,49343000000.0,64405000000.0,34170000000.0,37646000000.0,137417000000.0,190754000000.0,22749000000.0,22749000000.0,15062000000.0,377000000.0,46392000000.0,309852000000.0,147570000000.0,66907000000.0,165082000000.0,69472000000.0,67084000000.0,70572000000.0,66382000000.0,20931000000.0,154526000000.0,7837000000.0,86365000000.0,108000000.0,10258000000.0,4788000000.0,2548000000.0,-10446000000.0,-371000000.0,11123000000.0,14207000000.0,1521000000.0,-371000000.0,3172000000.0,-15806000000.0,6354000000.0,0.0,0.0,0.0,-4664000000.0,3172000000.0,0.31,0.21,0.1,47.619,43403000000.0,126605000000.0,83202000000.0,67791000000.0,4774000000.0,13215000000.0,17420000000.0,15411000000.0,611000000.0,-823000000.0,823000000.0,-443000000.0,1546000000.0,4120000000.0,948000000.0,823000000.0,3172000000.0,3686000000.0,4943000000.0,6489000000.0,3172000000.0,0.2620776401867071,3
2023-06-30,102.3000030517578,131.49000549316406,97.70999908447266,130.36000061035156,3899624000,109.5378035737256,62.97985751066664,3.396108502829577,74.22262989010217,2.1995274416312665,9.77999877929689,177725328500,47.96173793990568,3.658027172849887,0.2709680372668858,304.19966666666664,295084.3333333333,4.989999999999999,606774.0,3.803333333333333,295084.3333333333,477607000000.0,140482000000.0,49529000000.0,63970000000.0,36587000000.0,39925000000.0,143356000000.0,193784000000.0,22785000000.0,22785000000.0,14441000000.0,9000000000.0,50224000000.0,309005000000.0,148238000000.0,69481000000.0,163467000000.0,67472000000.0,63092000000.0,68572000000.0,49232000000.0,21853000000.0,168602000000.0,7837000000.0,93115000000.0,108000000.0,10313000000.0,16476000000.0,2605000000.0,3185000000.0,2373000000.0,11589000000.0,11455000000.0,-5167000000.0,2373000000.0,6750000000.0,-9673000000.0,-6539000000.0,0.0,0.0,0.0,264000000.0,6750000000.0,0.65,0.35,0.3,85.7143,48693000000.0,133552000000.0,84859000000.0,69373000000.0,7681000000.0,13947000000.0,18829000000.0,15486000000.0,661000000.0,-840000000.0,840000000.0,61000000.0,1539000000.0,7554000000.0,804000000.0,840000000.0,6750000000.0,7043000000.0,8394000000.0,9933000000.0,6750000000.0,-0.024854233266337043,2
2023-09-30,130.82000732421875,145.86000061035156,123.04000091552734,127.12000274658205,3389452900,133.134233412739,53.04898349016711,-2.4812208647777823,52.51757469914882,2.5891168382432737,-7.950004577636704,179424738200,46.76968571728833,3.4259821556939163,0.1403169177827387,306.8353333333333,286764.3333333333,5.260000000000001,605115.3333333334,4.236666666666667,286764.3333333333,486883000000.0,142995000000.0,49605000000.0,64169000000.0,35406000000.0,43420000000.0,147431000000.0,196468000000.0,22749000000.0,22749000000.0,14564000000.0,5320000000.0,53913000000.0,303910000000.0,145214000000.0,72004000000.0,161396000000.0,67472000000.0,61098000000.0,67638000000.0,42340000000.0,21707000000.0,182973000000.0,7837000000.0,102994000000.0,108000000.0,10330000000.0,21217000000.0,2768000000.0,2795000000.0,-808000000.0,12131000000.0,12479000000.0,-1304035087.7192984,-808000000.0,9879000000.0,-11753000000.0,-8948000000.0,0.0,0.0,0.0,442596491.2280702,9879000000.0,0.94,0.58,0.36,62.069,52610000000.0,142183000000.0,89573000000.0,75022000000.0,11188000000.0,13112000000.0,21203000000.0,14551000000.0,776000000.0,-806000000.0,806000000.0,1031000000.0,1439000000.0,12185000000.0,2306000000.0,806000000.0,9879000000.0,8556000000.0,12991000000.0,14430000000.0,9879000000.0,0.19524857739583046,3
2023-12-31,127.27999877929688,155.6300048828125,118.3499984741211,151.94000244140625,3181680200,137.2429332199731,57.18584641632204,2.7820320006179884,69.16746641179643,2.6028567203859088,5.6199951171875,181279146600,55.90140031883898,4.435648599782541,0.082222348167782,307.156,288459.6666666667,5.33,630860.3333333334,4.583333333333333,288459.6666666667,527854000000.0,172351000000.0,73387000000.0,86780000000.0,33318000000.0,52253000000.0,159019000000.0,204177000000.0,30476000000.0,22789000000.0,13393000000.0,6897000000.0,56024000000.0,325979000000.0,164917000000.0,84981000000.0,166762000000.0,67182000000.0,58314000000.0,67329000000.0,45764000000.0,25451000000.0,201875000000.0,7837000000.0,113618000000.0,109000000.0,10383000000.0,42465000000.0,2840000000.0,14517000000.0,9622000000.0,13820000000.0,14588000000.0,-1304035087.7192984,-2643000000.0,10644000000.0,-12601000000.0,-6746000000.0,0.0,0.0,0.0,442596491.2280702,10624000000.0,1.0,0.8,0.2,25.0,39401000000.0,169328000000.0,129927000000.0,92553000000.0,13209000000.0,36212000000.0,22038000000.0,39274000000.0,901000000.0,-713000000.0,713000000.0,289000000.0,2082000000.0,13666000000.0,3042000000.0,713000000.0,10644000000.0,12587000000.0,14379000000.0,16461000000.0,10624000000.0,0.18717916272493004,3
2024-03-31,151.5399932861328,181.6999969482422,144.0500030517578,180.3800048828125,2700335000,162.64305914015995,59.67391152253407,2.546693016512336,71.30274357933227,2.503676939345634,7.220001220703125,182772161800,66.36497762567036,4.172435287600243,0.1875415239177771,310.3583333333333,275435.3333333333,5.33,572477.0,4.333333333333333,275435.3333333333,530969000000.0,163989000000.0,72852000000.0,85074000000.0,31147000000.0,47768000000.0,157036000000.0,209950000000.0,22770000000.0,22770000000.0,12222000000.0,5568000000.0,60947000000.0,314308000000.0,152965000000.0,73068000000.0,167743000000.0,66852000000.0,57634000000.0,66902000000.0,44915000000.0,26657000000.0,216661000000.0,7837000000.0,124049000000.0,109000000.0,10403000000.0,18989000000.0,3406000000.0,-9714000000.0,925000000.0,11684000000.0,14925000000.0,-1304035087.7192984,-1776000000.0,10431000000.0,-17862000000.0,-1256000000.0,0.0,0.0,0.0,442596491.2280702,10431000000.0,0.98,0.82,0.16,19.5122,56617000000.0,142595000000.0,85978000000.0,72633000000.0,15307000000.0,12404000000.0,16960000000.0,13345000000.0,993000000.0,-644000000.0,644000000.0,-2673000000.0,941000000.0,12898000000.0,2467000000.0,644000000.0,10431000000.0,9873000000.0,13542000000.0,14483000000.0,10431000000.0,0.07134934454375223,3
2024-06-30,180.7899932861328,199.83999633789065,166.32000732421875,193.25,2622598800,182.06868521877067,53.87696056357088,2.6080099269386494,60.94510052384768,2.844398913740298,11.229995727539093,184123298000,71.10007527992279,3.8408625551044633,0.2563491094680064,313.9306666666667,282632.3333333333,5.33,617874.0,4.573333333333333,282632.3333333333,554818000000.0,173307000000.0,71178000000.0,89092000000.0,34109000000.0,50106000000.0,160798000000.0,220717000000.0,22879000000.0,22879000000.0,17914000000.0,5906000000.0,63340000000.0,318371000000.0,158172000000.0,81817000000.0,166899000000.0,62683000000.0,54889000000.0,62759000000.0,42747000000.0,27226000000.0,236447000000.0,7837000000.0,137534000000.0,110000000.0,10490000000.0,25281000000.0,2916000000.0,6412000000.0,6140000000.0,12038000000.0,17620000000.0,-1304035087.7192984,3085000000.0,13485000000.0,-22138000000.0,-4490000000.0,0.0,0.0,0.0,442596491.2280702,13485000000.0,1.26,1.03,0.23,22.3301,59553000000.0,147839000000.0,88286000000.0,73785000000.0,14672000000.0,13553000000.0,22304000000.0,14501000000.0,1180000000.0,-250416666.66666663,589000000.0,-18000000.0,948000000.0,15252000000.0,1767000000.0,589000000.0,13485000000.0,13090000000.0,14672000000.0,15620000000.0,13485000000.0,-0.03580852868794469,2
2024-09-30,193.4900054931641,201.1999969482422,151.61000061035156,186.3300018310547,2604113800,182.4346953233083,50.9933862829029,3.399506187909481,57.86988120486826,3.823793837002341,14.210006713867188,185401907000,68.5540861945467,6.970830292986596,0.2273428440093994,314.668,279076.5,5.263333333333333,633385.0,4.216666666666667,279076.5,166823180327.86887,62720639344.2623,20693081967.213116,33266754098.360657,14953409836.065575,14417836065.57377,69762868852.45901,60827311475.409836,9838672131.147541,9252672131.147541,12573672131.147541,2440475409.836066,14049344262.295082,113358147540.98361,59428262295.08197,32190783333.333332,55767442622.95082,27766781818.181816,22734600000.0,24155696428.571426,19501836065.57377,12934818181.818182,53465032786.88525,2547426229.508197,27858852459.01639,21852459.01639344,1924163934.4262295,7097983606.557377,773051724.137931,1653786885.2459016,881721311.4754099,4082360655.7377048,5245475409.836065,-1304035087.7192984,551016393.4426229,2197196721.3114753,-5660934426.229508,-266918032.78688523,98360655.73770492,114098360.6557377,-138490566.03773585,442596491.22807014,2226311475.4098363,0.21370967741935484,0.1614516129032258,0.052258064516129035,32.2899693548387,22049193548.387096,56196161290.32258,38655209677.41936,33353483870.967743,2731290322.580645,6108935483.870968,4918596774.193548,6885145161.290322,147409836.06557378,-250416666.66666666,252032258.06451613,-24290322.580645163,1584838709.6774194,2579596774.193548,386338709.67741936,255967213.11475408,2199524590.1639347,2174295081.967213,2812774193.548387,4384306451.612904,2193258064.516129,,3
